price,image,title
$89.50,https://www.rlmedia.io/is/image/PoloGSI/s7-1302406_lifestyle?$rl_392_pdp$,"
Custom Fit Easy Care Shirt
"
$89.50,https://www.rlmedia.io/is/image/PoloGSI/s7-1302396_lifestyle?$rl_392_pdp$,"
Classic Fit Oxford Shirt
"
$98.50,https://www.rlmedia.io/is/image/PoloGSI/s7-1300343_lifestyle?$rl_392_pdp$,"
Slim Skull & Crossbones Shirt
"
$145.00,https://www.rlmedia.io/is/image/PoloGSI/s7-1302442_lifestyle?$rl_392_pdp$,"
Slim Fit Tuxedo Shirt
"
$195.00,https://www.rlmedia.io/is/image/PoloGSI/s7-1300349_lifestyle?$rl_392_pdp$,"
Slim Fit Poplin Shirt
"
$98.50,https://www.rlmedia.io/is/image/PoloGSI/s7-1302430_lifestyle?$rl_392_pdp$,"
Slim Fit Easy Care Shirt
"
$98.50,https://www.rlmedia.io/is/image/PoloGSI/s7-1302415_lifestyle?$rl_392_pdp$,"
Custom Fit Oxford Shirt
"
$145.00,https://www.rlmedia.io/is/image/PoloGSI/s7-1302439_lifestyle?$rl_392_pdp$,"
Slim Fit Oxford Shirt
"
$195.00,https://www.rlmedia.io/is/image/PoloGSI/s7-1300350_lifestyle?$rl_392_pdp$,"
Slim Fit End-on-End Shirt
"
$125.00,https://www.rlmedia.io/is/image/PoloGSI/s7-1302404_lifestyle?$rl_392_pdp$,"
Slim Fit Indigo Twill Shirt
"
$89.50,https://www.rlmedia.io/is/image/PoloGSI/s7-1298678_lifestyle?$rl_392_pdp$,"
Custom Fit Oxford Shirt
"
$98.50,https://www.rlmedia.io/is/image/PoloGSI/s7-1300342_lifestyle?$rl_392_pdp$,"
Custom Fit Dobby Shirt
"
$145.00,https://www.rlmedia.io/is/image/PoloGSI/s7-1302440_lifestyle?$rl_392_pdp$,"
Custom Fit Oxford Shirt
"
$89.50,https://www.rlmedia.io/is/image/PoloGSI/s7-1268627_lifestyle?$rl_392_pdp$,"
Slim Fit Oxford Shirt
"
$98.50,https://www.rlmedia.io/is/image/PoloGSI/s7-1302428_lifestyle?$rl_392_pdp$,"
Slim Fit Easy Care Shirt
"
$98.50,https://www.rlmedia.io/is/image/PoloGSI/s7-1300336_lifestyle?$rl_392_pdp$,"
Custom Fit Oxford Shirt
"
$125.00,https://www.rlmedia.io/is/image/PoloGSI/s7-1300317_lifestyle?$rl_392_pdp$,"
Slim Fit Chambray Shirt
"
$145.00,https://www.rlmedia.io/is/image/PoloGSI/s7-1300346_lifestyle?$rl_392_pdp$,"
Slim Fit Twill Shirt
"
$89.50,https://www.rlmedia.io/is/image/PoloGSI/s7-1302445_lifestyle?$rl_392_pdp$,"
Slim Fit Poplin Shirt
"
$98.50,https://www.rlmedia.io/is/image/PoloGSI/s7-1302412_lifestyle?$rl_392_pdp$,"
Slim Fit French Cuff Shirt
"
$98.50,https://www.rlmedia.io/is/image/PoloGSI/s7-1300318_lifestyle?$rl_392_pdp$,"
Custom Fit Oxford Shirt
"
$89.50,https://www.rlmedia.io/is/image/PoloGSI/s7-1302405_lifestyle?$rl_392_pdp$,"
Custom Fit Poplin Shirt
"
$98.50,https://www.rlmedia.io/is/image/PoloGSI/s7-1300335_lifestyle?$rl_392_pdp$,"
Custom Fit Easy Care Shirt
"
$98.50,https://www.rlmedia.io/is/image/PoloGSI/s7-1289873_lifestyle?$rl_392_pdp$,"
Slim Fit Cotton Oxford Shirt
"
$125.00,https://www.rlmedia.io/is/image/PoloGSI/s7-1268153_lifestyle?$rl_392_pdp$,"
Classic Fit End-On-End Shirt
"
$125.00,https://www.rlmedia.io/is/image/PoloGSI/s7-1252213_lifestyle?$rl_392_pdp$,"
Classic Fit Poplin Shirt
"
$125.00,https://www.rlmedia.io/is/image/PoloGSI/s7-1268155_lifestyle?$rl_392_pdp$,"
Classic Fit Poplin Shirt
"
$145.00,https://www.rlmedia.io/is/image/PoloGSI/s7-1225661_lifestyle?$rl_392_pdp$,"
Slim Fit Chambray Shirt
"
$125.00,https://www.rlmedia.io/is/image/PoloGSI/s7-1225607_lifestyle?$rl_392_pdp$,"
Slim Fit End-On-End Shirt
"
$98.50,https://www.rlmedia.io/is/image/PoloGSI/s7-1149197_lifestyle?$rl_392_pdp$,"
Slim Fit Poplin Shirt
"
